id,success
504,yes
1055,no
1056,no
1059,yes
1061,yes
1728,no
2513,no
3602,yes
3616,no
5646,no
5755,no
6144,no
6151,yes
7662,yes
7809,yes
7818,no
7832,yes
7836,yes
7849,no
7862,no
10118,yes
10269,yes
10413,yes
10419,yes
10430,no
10556,yes
10650,no
11597,yes
11600,yes
11613,no
11753,no
11823,yes
11915,no
12241,no
13161,no
15529,no
15535,no
15541,no
16357,yes
16796,no
17015,no
17029,yes
17030,yes
17503,no
17927,yes
17931,no
17939,no
18503,no
18511,no
18526,no
18966,yes
19311,yes
22178,yes
22469,yes
23893,no
24215,no
25274,no
25275,no
25287,yes
25297,yes
25312,yes
25327,yes
25330,no
26071,no
26079,no
26083,yes
26115,no
26136,no
26141,no
26145,no
26168,no
26669,yes
26686,yes
26722,no
26723,no
26726,no
26748,no
28037,yes
28495,yes
28524,yes
28595,yes
29622,no
30444,no
30710,yes
33860,yes
34209,no
34440,no
36165,no
36432,no
36660,yes
36882,yes
36921,yes
36923,yes
37709,no
38992,yes
39562,no
39639,yes
39720,yes
41089,no
43560,no
125,no
133,no
193,yes
202,yes
210,no
211,yes
212,no
213,yes
521,no
522,no
524,no
525,yes
526,no
529,no
530,no
531,no
532,no
533,yes
534,no
538,no
539,no
540,no
544,no
547,no
1378,no
1380,no
1384,no
1395,no
1478,no
1575,yes
1578,yes
1588,no
1592,no
1594,no
1595,no
1596,no
1597,no
1598,no
1599,no
1600,no
1601,no
1602,no
1604,no
1605,no
1606,no
1607,no
1608,no
1613,no
1614,no
1615,no
1617,no
1618,no
1619,no
1621,no
1622,no
1623,no
1624,no
1625,no
1626,no
1628,no
3190,yes
3191,yes
3194,no
3196,yes
3197,no
3199,no
3201,no
3202,yes
3203,no
3204,no
3205,yes
3206,no
3207,no
3208,no
3209,yes
3210,yes
3211,yes
3215,no
3216,no
3217,yes
3219,no
3221,no
3223,no
3224,no
3225,no
3226,no
3227,yes
3230,no
3233,no
3237,no
3238,no
3240,no
3966,no
3970,yes
3972,no
3975,yes
3979,no
3981,no
3983,no
3989,no
3993,no
4193,no
4462,no
4463,no
4468,yes
4470,yes
5466,yes
5477,no
5479,yes
5480,no
5482,no
5483,no
5485,no
5487,yes
5492,no
5493,no
5497,no
5498,no
5500,no
5505,yes
5508,no
5511,no
5534,no
5539,no
6881,no
6885,no
6890,yes
6892,yes
6940,no
6947,no
6980,yes
7023,no
7078,no
7129,no
7157,no
7344,no
7347,yes
7366,yes
7374,no
7387,no
7388,no
7389,yes
7390,no
7392,no
7395,yes
7398,yes
7402,no
7405,no
7408,no
7417,no
7421,yes
7425,no
7435,no
7443,no
7446,no
7451,no
7466,no
7476,no
7580,yes
7662,yes
7879,no
8141,no
8147,yes
8333,no
8338,no
8342,no
8346,no
8347,no
8350,no
8351,no
8355,no
8357,no
8366,no
8370,no
8394,no
9055,no
9083,no
9124,no
9130,no
10932,yes
10942,no
11390,yes
11397,yes
11406,no
11407,no
11409,yes
11411,no
11412,no
11415,yes
11416,no
11422,no
11427,no
11431,no
11433,no
11439,yes
11442,yes
11443,no
11445,no
11447,yes
11450,yes
11455,no
11466,no
12893,no
12902,yes
12904,no
12906,no
12907,yes
12910,yes
12915,no
12916,no
12917,yes
12918,no
12920,no
12922,no
12924,yes
12926,no
12927,yes
12928,no
12931,no
12937,no
12939,no
12941,no
12950,no
12955,no
12985,no
13849,yes
13867,no
13870,yes
13914,yes
15529,no
15530,no
15531,no
15535,no
15537,no
15541,no
15549,no
15686,yes
15688,no
15738,yes
15746,no
15755,yes
15758,no
15759,no
15763,yes
15764,no
15765,no
15766,no
15767,no
15771,no
15772,no
15773,no
15774,no
15777,no
15780,no
15782,no
15783,no
15785,yes
15788,no
15792,no
15798,no
15805,no
15809,no
15835,no
17172,yes
18471,yes
18474,yes
18730,yes
19612,yes
19779,no
19780,yes
19781,no
21280,no
21282,no
21284,no
21286,no
21983,no
22004,yes
22010,yes
22011,no
22018,yes
22019,yes
22020,yes
22029,no
22456,yes
22458,yes
22463,yes
22467,yes
22469,no
22476,no
22480,no
22481,no
22484,no
22486,no
22488,yes
22489,no
22491,no
22493,no
22493,no
22494,yes
22494,yes
22495,yes
22496,yes
22495,no
22496,no
22499,yes
22501,yes
22503,no
22504,yes
22510,no
22511,no
22514,no
22519,no
22737,no
22738,no
22754,no
22772,no
22780,no
24007,yes
24008,yes
24011,yes
24014,no
24021,yes
24022,yes
24025,no
24025,no
24026,no
24026,no
24044,no
24044,yes
25185,yes
25187,yes
25185,yes
25188,no
25187,no
25190,no
25188,yes
25190,yes
25191,yes
25193,yes
25194,yes
25195,yes
25197,yes
25200,yes
25203,yes
25203,yes
25209,no
25209,yes
25210,yes
25211,yes
25215,no
25216,no
25218,yes
25220,yes
25223,yes
25225,yes
25227,yes
25229,no
25236,yes
25237,no
25239,yes
25241,no
25241,yes
25244,no
25244,no
25247,no
25247,yes
25271,yes
25274,no
25271,no
25274,no
25275,no
25276,yes
25278,yes
25279,no
25281,no
25282,yes
25283,no
25285,yes
25286,yes
25287,yes
25291,no
25293,yes
25294,no
25295,no
25296,yes
25297,yes
25298,yes
25299,yes
25300,yes
25301,no
25302,yes
25303,yes
25304,yes
25305,no
25311,yes
25312,no
25313,no
25315,no
25316,yes
25317,yes
25320,yes
25321,yes
25323,yes
25325,yes
25326,yes
25327,yes
25329,no
25330,yes
25331,yes
25332,no
25333,yes
25334,yes
25335,yes
25336,yes
25339,no
25340,yes
25341,yes
25342,no
25343,no
25344,no
25345,yes
25346,yes
25347,yes
25348,no
25349,yes
25350,yes
25351,yes
25352,yes
25353,yes
25354,yes
25355,yes
25356,no
25357,yes
25358,yes
25359,no
25360,yes
25361,no
25362,no
25363,no
25364,yes
25365,yes
25366,no
25367,yes
25368,yes
25369,yes
25370,yes
25371,yes
25372,no
25373,yes
25374,no
25375,no
25376,no
25377,no
25378,yes
25379,yes
25380,no
25382,yes
25383,no
25384,yes
25385,yes
25386,no
25387,yes
25388,no
25389,no
25392,no
25393,no
25394,no
25395,yes
25397,yes
25398,yes
25400,yes
25401,no
25402,no
25403,no
25404,yes
25405,yes
25406,yes
25407,no
25408,yes
25409,yes
25410,yes
25411,no
25413,yes
25414,yes
25416,yes
25417,no
25418,no
25419,no
25420,no
25421,no
25423,yes
25424,no
25427,yes
25433,no
25436,no
26136,no
26141,no
26161,no
26168,no
26282,no
26984,no
26989,no
26991,no
26995,no
26998,no
27002,no
27003,yes
27004,yes
27009,no
27010,no
27011,no
27013,yes
27014,no
27015,yes
27016,no
27017,no
27018,no
27019,no
27020,yes
27021,no
27023,no
27025,no
27026,no
27027,yes
27029,no
27030,no
27033,no
27038,no
27039,yes
27046,no
27058,no
27063,no
27166,no
27932,yes
27938,no
27940,no
27946,yes
27949,no
27954,no
28657,yes
30561,yes
31187,no
31193,yes
31200,yes
31201,yes
31204,yes
31205,no
31206,yes
31207,yes
31208,no
31209,yes
31210,yes
31211,yes
31212,yes
31214,no
31215,yes
31216,no
31217,yes
31218,yes
31219,no
31220,yes
31221,yes
31222,no
31223,yes
31225,yes
31226,yes
31227,no
31228,yes
31229,no
31230,no
31231,no
31232,no
31233,no
31234,no
31235,no
31237,yes
31238,no
31239,no
31240,no
31241,no
31242,yes
31243,no
31244,no
31245,no
31247,yes
31248,no
31249,no
31253,no
31255,no
31256,no
31257,no
31260,yes
32392,no
32394,no
32395,no
32401,no
32403,no
32406,no
32409,no
32411,no
32415,no
32416,no
32418,yes
32419,no
32420,yes
32421,no
32422,yes
32423,no
32424,no
32426,no
32428,no
32429,yes
32430,no
32431,no
32432,no
32433,no
32434,no
32435,no
32436,no
32437,no
32438,no
32439,no
32440,no
32441,no
32442,no
32443,no
32445,no
32446,no
32447,no
32448,no
32449,no
32450,no
32453,yes
32454,yes
32455,yes
32457,no
32459,no
32461,no
32462,yes
32463,no
32464,yes
32466,no
32467,yes
32468,no
32469,no
32470,no
32471,no
32472,no
32473,no
32474,no
32475,no
32477,no
32478,no
32479,no
32480,no
32481,yes
32482,no
32484,no
32486,no
32490,no
32491,no
32494,yes
32514,no
32554,yes
32559,yes
32562,no
32563,yes
32570,yes
32572,no
32574,yes
32575,yes
32578,yes
32579,yes
32580,yes
32581,no
32582,yes
32583,yes
32584,yes
32585,yes
32588,yes
32590,yes
32592,yes
32593,yes
32594,yes
32595,no
32596,yes
32598,yes
32599,yes
32600,yes
32601,no
32602,yes
32603,yes
32604,yes
32605,yes
32606,yes
32609,no
32610,no
32612,no
32614,yes
32615,yes
32616,no
32690,yes
33614,no
33615,no
33655,no
34209,yes
34238,no
34411,yes
34415,no
34430,yes
34432,no
34435,no
34436,no
34437,no
34438,no
34439,yes
34444,no
34445,no
34447,no
34448,no
34450,no
34451,no
34453,yes
34455,no
34456,no
34457,no
34458,yes
34462,no
34463,yes
34464,no
34465,no
34467,no
34468,no
34470,no
34473,yes
34475,yes
34478,no
34479,yes
34480,yes
34481,yes
34482,no
34483,yes
34484,yes
34485,yes
34486,yes
34488,no
34496,yes
34497,yes
34498,no
34499,no
34502,no
34504,no
34505,no
34513,no
34515,no
34517,no
34520,no
34523,no
34525,no
34530,no
34950,yes
34952,no
34953,no
34954,no
34955,no
34960,no
34962,no
34967,yes
34972,no
34973,yes
34977,no
34978,no
34979,yes
34980,no
34981,no
34982,no
34984,no
34986,no
34987,yes
34991,no
34992,no
34993,no
35003,no
35014,no
35033,no
35040,no
35055,no
35065,no
35084,no
36919,no
38169,no
38171,no
38175,no
38178,no
38179,yes
38181,no
38209,no
38394,no
38992,yes
38998,yes
38999,no
39004,yes
39012,yes
39027,no
39427,no
39428,no
39429,no
39430,no
39648,yes
39653,yes
39656,yes
39657,no
39665,no
39670,yes
39671,no
39675,no
39679,yes
39688,no
39692,no
39696,no
39697,yes
39706,no
39712,yes
39714,no
39715,no
39872,yes
40339,yes
40346,yes
40347,yes
40349,yes
40352,yes
40354,yes
40355,yes
40357,yes
40358,yes
40360,no
40364,no
40366,yes
40368,yes
40375,no
40378,yes
40383,no
42233,yes
42245,no
43310,no
43313,no
43359,no
43385,no
44027,no
44028,no
44033,no
44034,yes
44048,yes
44050,yes
44052,yes
44054,no
44055,no
44056,no
44058,yes
44063,no
44064,yes
44066,no
44067,yes
44070,no
44071,no
44074,no
44080,no
44083,no
44087,no
44093,no
44097,no
44108,yes
44109,no
44110,no
44112,no
44116,yes
44117,no
44118,yes
44119,yes
44123,no
44124,no
44125,no
44133,no
44134,no
44136,no
44137,no
44138,yes
44139,no
44142,no
44145,no
44151,no
44155,yes
44158,yes
44159,no
44160,no
44161,no
44163,no
44166,no
44167,no
44168,no
44171,yes
44173,no
44175,no
44176,no
44180,no
44181,no
44182,yes
44184,yes
44186,yes
44187,no
44188,no
44189,no
44190,no
44191,yes
44193,no
44195,no
44203,yes
44205,no
44206,no
44210,yes
44211,no
44213,yes
44215,no
44218,no
44220,no
44223,no
44241,no
44328,no
44332,no
44333,no
44335,no
44336,yes
44337,no
44339,no
44340,no
44342,no
44343,yes
44344,no
44345,no
44346,no
44347,no
44348,no
44349,no
44350,yes
44351,no
44352,no
44353,yes
44354,no
44355,no
44356,no
44357,no
44358,no
44359,no
44360,no
44362,no
44364,yes
44365,no
44366,no
44369,yes
44370,no
44371,yes
44372,yes
44374,no
44375,no
44376,no
44377,no
44378,no
44379,no
44380,no
44381,no
44383,no
44384,no
44385,no
44386,no
44387,no
44389,no
44390,no
44391,no
44392,no
44393,no
44394,yes
44395,no
44396,no
44397,no
44398,no
44401,no
44402,no
44403,no
44404,no
44405,yes
44406,no
44408,no
44409,no
44410,no
44412,no
44413,no
44417,no
44418,no
44419,no
44420,no
44421,no
44422,no
44423,no
44424,no
44426,no
44427,no
44430,no
44431,no
44433,no
44434,no
44436,no
44438,no
44439,no
44441,no
44442,no
44446,no
44448,no
44455,no
